<?xml version="1.0" encoding="UTF-8"?>
<project-private xmlns="http://www.netbeans.org/ns/project-private/1">
    <editor-bookmarks xmlns="http://www.netbeans.org/ns/editor-bookmarks/2" lastBookmarkId="0"/>
    <open-files xmlns="http://www.netbeans.org/ns/projectui-open-files/2">
        <group>
            <file>file:/C:/Users/abo7a/Desktop/GuessTheWord_Final/src/_guesstheword/GuessTheWord.java</file>
            <file>file:/C:/Users/abo7a/Desktop/GuessTheWord_Final/src/_guesstheword/Result.java</file>
            <file>file:/C:/Users/abo7a/Desktop/GuessTheWord_Final/src/_guesstheword/HowManyWordsToGuess.java</file>
            <file>file:/C:/Users/abo7a/Desktop/GuessTheWord_Final/src/_guesstheword/WordBank.java</file>
            <file>file:/C:/Users/abo7a/Desktop/GuessTheWord_Final/src/_guesstheword/Menu.java</file>
        </group>
    </open-files>
</project-private>
